time,latitude,longitude,depth,mag,,
2020-05-11T13:36:27.051Z,4.4965,127.7023,109.21,4.5,,6.8
2020-05-11T06:15:47.751Z,-21.0933,-70.3676,43.69,4.5,,
2020-05-11T01:06:18.684Z,-6.0661,129.9186,10,5.6,,
2020-05-11T00:57:45.606Z,31.0182,141.938,10,4.6,,
2020-05-10T23:58:33.746Z,36.3796,141.1547,30.41,5.8,,
2020-05-10T23:30:03.546Z,-23.0994,-179.0123,340.07,4.6,,
2020-05-10T23:10:00.210Z,2.4112,-77.3265,92.49,4.5,,
2020-05-10T22:07:40.370Z,33.0183333,-116.0201667,10.16,4.54,,
2020-05-10T18:04:22.484Z,-22.7535,-68.1578,117.94,5.5,,
2020-05-10T17:50:03.205Z,36.5718,70.9073,204.8,4.6,,
2020-05-10T16:49:12.440Z,40.7597,78.8305,10,4.7,,
2020-05-10T07:16:19.651Z,77.2603,6.7861,10,4.5,,
2020-05-10T05:04:01.017Z,-24.0377,-175.692,35,4.8,,
2020-05-10T04:46:01.831Z,49.5585,-127.6258,10,4.7,,
2020-05-10T03:35:16.526Z,44.482,149.0221,32.33,4.5,,
2020-05-10T02:34:08.599Z,-7.4078,128.0982,172.94,4.6,,
2020-05-10T00:57:26.820Z,1.8238,127.4597,137.62,4.5,,
2020-05-09T23:35:12.977Z,-11.6318,165.0801,10,4.9,,
2020-05-09T21:42:56.325Z,-19.194,-69.2026,133.47,4.6,,
2020-05-09T19:18:11.884Z,14.0476,120.525,86.86,5.3,,
2020-05-09T15:35:58.629Z,40.7586,78.8225,10,5.3,,
2020-05-09T14:02:03.808Z,54.3135,-163.4527,70.19,4.7,,
2020-05-09T13:30:06.763Z,10.5356,-62.5105,87.24,4.5,,
2020-05-09T13:18:39.406Z,-54.6389,158.799,10,4.8,,
2020-05-09T11:19:43.275Z,15.0061,122.5782,36.28,4.6,,
2020-05-09T11:14:45.004Z,-9.6212,125.0702,43.06,4.5,,
2020-05-09T10:52:52.066Z,37.3766,20.5134,12.15,4.8,,
2020-05-09T09:39:29.368Z,34.0319,25.4924,23.64,4.7,,
2020-05-09T05:49:13.099Z,-7.0462,129.5004,149.84,5.1,,
2020-05-09T04:27:41.027Z,-5.7031,-76.6614,44.56,4.6,,
2020-05-09T03:46:19.063Z,-4.884,153.6081,68.91,5.1,,
2020-05-08T23:36:28.415Z,33.7864,25.5857,10,4.5,,
2020-05-08T22:42:06.952Z,-23.2277,-68.8371,84.86,5,,
2020-05-08T20:45:30.685Z,-29.4704,76.5147,10,5.5,,
2020-05-08T13:41:19.442Z,-16.8853,167.3057,43.01,4.7,,
2020-05-08T11:27:31.497Z,-0.4841,67.288,10,4.7,,
2020-05-08T10:27:36.729Z,12.3093,144.0447,10,5.2,,
2020-05-08T03:14:24.752Z,34.1021,25.5657,21.17,4.8,,
2020-05-08T02:49:17.509Z,-8.6705,-74.9174,128.2,4.7,,
2020-05-08T01:14:20.793Z,-55.4755,-29.3364,8.55,5.4,,
2020-05-08T00:33:29.112Z,31.0399,142.0085,10,4.9,,
2020-05-07T20:18:22.820Z,35.7254,52.0439,10,4.6,,
2020-05-07T19:43:08.494Z,36.5126,70.7039,192.02,4.5,,
2020-05-07T16:35:59.682Z,-22.8996,-68.1657,124.05,4.6,,
2020-05-07T15:16:41.415Z,-4.1487,152.5262,132.07,5.3,,
2020-05-07T14:17:14.183Z,30.0584,141.4828,54.34,4.6,,
2020-05-07T11:47:08.788Z,41.3518,80.993,10,4.6,,
2020-05-07T11:21:19.839Z,-4.4543,154.7127,466.17,6.1,,
2020-05-07T06:55:01.325Z,-2.8599,147.2233,10,4.5,,
2020-05-07T00:49:11.636Z,-5.7246,-76.6948,31.61,5.3,,
2020-05-06T19:30:11.952Z,1.7668,127.3888,109.99,4.8,,
2020-05-06T19:00:38.410Z,19.5295,-67.7218,44,4.54,,
2020-05-06T15:43:12.317Z,-19.368,-70.5322,64.51,5.1,,
2020-05-06T13:53:56.960Z,-6.7949,129.8613,107,6.8,,
2020-05-06T10:51:02.672Z,39.7327,73.9429,19.45,5.1,,
2020-05-06T08:08:00.135Z,33.7744,48.1209,10,4.8,,
2020-05-06T06:36:52.868Z,-29.6191,-71.4779,61.89,5.2,,
2020-05-06T02:54:02.955Z,6.7402,127.1232,48.61,4.7,,
2020-05-06T01:43:47.880Z,1.4261,126.4696,51.18,4.7,,
2020-05-06T01:16:11.318Z,37.4209,141.8367,32.5,4.7,,
2020-05-05T23:20:40.032Z,-15.1704,-172.9345,10,5.5,,
2020-05-05T20:25:20.329Z,-30.5883,-71.6541,31.77,4.6,,
2020-05-05T17:20:32.505Z,34.2341,25.5839,10,4.9,,
2020-05-05T17:19:47.076Z,-34.0857,-71.2998,59,4.6,,
2020-05-05T16:57:08.687Z,35.5483,140.0693,69.38,5,,
2020-05-05T16:17:41.794Z,3.7705,-82.3991,10,4.6,,
2020-05-05T16:07:29.408Z,3.4463,-82.7233,10,4.7,,
2020-05-05T12:40:21.858Z,-31.81,-67.4243,128.38,4.6,,
2020-05-05T12:25:16.032Z,-2.0775,138.8518,36.94,4.5,,
2020-05-05T12:02:36.799Z,13.2943,-91.12,36.07,5.2,,
2020-05-05T11:40:34.185Z,34.1194,25.6216,10,4.5,,
2020-05-05T11:40:33.999Z,34.1006,25.6077,10,4.6,,
2020-05-05T11:03:39.377Z,13.4894,-88.3321,203.22,4.6,,
2020-05-05T10:12:29.812Z,-20.1903,168.7194,10,4.7,,
2020-05-05T08:04:46.877Z,-17.8372,-175.1596,280.97,4.9,,
2020-05-04T22:32:24.644Z,11.0015,-61.0693,95.42,4.9,,
2020-05-04T22:28:09.003Z,23.9017,126.3997,10,4.5,,
2020-05-04T20:52:42.640Z,2.6404,-79.8213,10,4.6,,
2020-05-04T17:32:02.064Z,-10.2833,161.6883,77.94,4.8,,
2020-05-04T16:43:05.273Z,-22.4489,-174.0371,7.84,4.9,,
2020-05-04T14:12:44.280Z,11.1246,121.9477,33.48,4.7,,
2020-05-04T13:35:18.116Z,19.9542,145.5223,86.98,4.9,,
2020-05-04T13:34:32.485Z,36.3649,141.1941,33.2,4.7,,
2020-05-04T13:07:48.334Z,35.6605,140.8653,42.04,5.6,,
2020-05-04T12:36:37.047Z,33.9899,25.6196,10,4.5,,
2020-05-04T07:51:24.995Z,-17.0119,-72.5575,78.31,4.6,,
2020-05-04T03:03:10.780Z,31.0795,141.8965,10,5.2,,
2020-05-04T02:26:58.147Z,-20.5177,-69.2663,91.64,4.6,,
2020-05-03T22:07:06.554Z,-11.1457,-12.7914,10,4.6,,
2020-05-03T21:13:37.155Z,-31.3783,-178.0545,35,4.6,,
2020-05-03T19:36:55.497Z,2.8247,36.0596,10,4.9,,
2020-05-03T19:04:17.034Z,-17.6869,-178.8232,545.85,4.6,,
2020-05-03T17:31:28.312Z,13.6979,144.6878,117.11,4.9,,
2020-05-03T16:39:14.141Z,-7.0446,129.1847,169.35,4.5,,
2020-05-03T16:26:16.576Z,-55.6879,-26.1968,10,4.9,,
2020-05-03T16:21:29.850Z,-25.3684,-175.4614,10,4.8,,
2020-05-03T16:01:27.238Z,-25.2077,-175.9965,35,4.6,,
2020-05-03T15:25:10.693Z,-21.5198,-173.9595,10,5.1,,
2020-05-03T14:42:11.986Z,39.3047,71.5304,10,4.5,,
2020-05-03T14:10:34.615Z,5.8843,-82.6764,10,4.5,,
2020-05-03T13:35:28.708Z,-22.3381,-113.5658,10,5.1,,
2020-05-03T12:01:13.632Z,31.0473,128.9596,10,5,,
2020-05-03T11:54:24.821Z,31.4218,128.8199,10,5.9,,
2020-05-03T07:06:46.959Z,-6.2728,104.6616,65.83,5,,
2020-05-03T05:54:42.003Z,34.0817,25.9133,10,4.9,,
2020-05-03T05:17:49.572Z,44.1234,148.3786,26.26,4.5,,
2020-05-03T03:24:40.964Z,23.2278,121.5752,40.98,5.1,,
2020-05-03T03:05:11.955Z,-28.6849,-178.0684,139.78,4.9,,
2020-05-03T01:13:21.765Z,-0.4856,127.7974,10,4.5,,
2020-05-03T00:44:27.738Z,-15.2907,-70.4705,198.44,5.7,,
2020-05-02T16:44:24.880Z,33.9038,25.515,10,5.3,,
2020-05-02T16:13:00.632Z,34.1928,25.5914,10,4.8,,
2020-05-02T14:21:26.443Z,34.0859,25.4783,10,4.7,,
2020-05-02T13:45:18.658Z,33.9096,25.4614,10,4.7,,
2020-05-02T13:33:50.918Z,34.1693,25.4776,17.18,5.4,,
2020-05-02T12:51:06.662Z,34.2045,25.7124,16.99,6.6,,
2020-05-02T11:19:28.830Z,17.9508,-66.6981,7,4.6,,
2020-05-02T11:13:18.680Z,17.937,-66.7266,9,5.4,,
2020-05-02T07:40:26.289Z,55.7132,-161.9335,152.26,4.5,,
2020-05-02T03:56:57.908Z,-35.2346,54.1285,10,4.6,,
2020-05-01T20:28:09.056Z,28.4003,56.8895,10,4.9,,
2020-05-01T20:20:25.114Z,-23.9174,179.8585,525.34,4.5,,
2020-05-01T19:53:04.996Z,-21.51,-179.3378,620.93,4.5,,
2020-05-01T13:48:39.631Z,4.6198,127.0656,90.37,4.8,,
2020-05-01T11:01:39.507Z,42.2348,24.893,10,4.5,,
2020-05-01T07:04:52.024Z,54.521,161.6135,59.13,5.3,,
2020-05-01T05:46:29.823Z,-4.5498,153.2859,63.98,4.9,,
2020-05-01T04:55:26.686Z,-17.4925,-177.3425,388.13,4.9,,
2020-05-01T04:02:16.161Z,-4.598,153.3607,59.23,4.8,,
2020-05-01T03:46:00.529Z,-23.1308,-177.0099,118.94,4.6,,
2020-05-01T02:03:44.049Z,-30.411,-177.7946,10,4.9,,
2020-05-01T01:10:37.926Z,-20.0748,169.6909,91.33,4.5,,
2020-05-01T01:01:02.309Z,-24.034,-66.9969,168.16,4.8,,
2020-04-30T22:10:31.558Z,-24.0112,-66.93,164.35,5.4,,
2020-04-30T21:23:21.830Z,-2.3984,138.7274,58.9,5.1,,
2020-04-30T18:57:44.903Z,-23.9918,-69.1954,91.14,4.5,,
2020-04-30T10:09:47.146Z,36.9622,28.5836,10,4.9,,
2020-04-30T09:23:12.372Z,-22.7794,-68.3475,148.74,5.4,,
2020-04-30T08:20:24.975Z,1.2211,99.5799,10,5,,
2020-04-30T04:45:00.275Z,-20.9882,-175.3087,10,4.7,,
2020-04-30T04:10:35.715Z,-2.9811,130.0352,10,4.6,,
2020-04-30T03:50:50.176Z,-23.7509,69.3823,10,4.9,,
2020-04-30T03:15:33.647Z,5.6912,-82.6451,10,4.8,,
2020-04-30T03:15:21.414Z,40.9219,142.7766,36.18,5.2,,
2020-04-30T02:06:03.489Z,-6.4147,154.465,10,4.5,,
2020-04-30T01:52:36.955Z,-0.056,123.7186,54.06,4.5,,
2020-04-29T21:50:44.410Z,-21.634,170.3256,60.43,4.6,,
2020-04-29T17:47:07.930Z,4.6331,127.007,61.8,4.8,,
2020-04-29T17:01:35.721Z,35.5681,45.0817,11.95,4.8,,
2020-04-29T16:04:31.191Z,-23.3157,-66.6642,191.14,4.9,,
2020-04-29T15:47:03.396Z,-17.4845,-173.6955,35.58,4.9,,
2020-04-29T14:01:18.307Z,-17.7915,-178.4887,585.56,4.6,,
2020-04-29T10:52:11.998Z,-23.7303,69.5295,10,4.9,,
2020-04-29T10:23:16.245Z,-5.2952,152.5129,35,5.1,,
2020-04-29T10:22:48.249Z,20.1691,-74.1685,10,4.5,,
2020-04-29T08:17:48.690Z,-4.5219,102.5046,56.38,4.8,,
2020-04-29T05:37:16.440Z,-24.3224,-67.1177,154.22,5.4,,
2020-04-29T04:08:30.265Z,10.6906,125.1804,10,4.6,,
2020-04-28T16:08:13.154Z,-19.5826,-173.0571,10,4.7,,
2020-04-28T13:15:30.222Z,42.0297,142.6084,53.98,4.5,,
2020-04-28T12:02:32.959Z,13.2013,-44.831,10,5.1,,
2020-04-28T11:20:25.081Z,-23.4012,-67.1132,218.33,4.5,,
2020-04-28T11:15:35.129Z,36.5428,70.5762,199.62,4.8,,
2020-04-28T09:06:07.264Z,-2.8207,-77.4507,10,4.6,,
2020-04-28T04:43:19.468Z,-6.9228,104.8399,35,4.6,,
2020-04-28T01:36:48.256Z,-6.7207,154.8392,10,4.6,,
2020-04-28T00:13:43.203Z,-16.3874,-172.9005,10,5.2,,
2020-04-27T23:18:14.988Z,1.5751,97.0459,29.03,4.5,,
2020-04-27T20:11:31.148Z,-6.6946,154.3331,10,4.5,,
2020-04-27T19:42:50.432Z,-51.6359,139.8777,10,4.5,,
2020-04-27T18:22:05.448Z,-31.3636,-178.0285,27.73,4.6,,
2020-04-27T13:39:19.333Z,-19.3984,-172.7278,10,4.7,,
2020-04-27T11:13:28.890Z,37.297,71.4437,137.95,4.6,,
2020-04-27T08:40:38.884Z,-3.276,151.6175,10,5.4,,
2020-04-27T04:13:26.194Z,52.7348,-176.0587,223.96,4.8,,
2020-04-27T03:24:07.991Z,-4.0234,151.4556,10,4.6,,
2020-04-27T02:16:38.564Z,17.9946,146.1397,100.32,4.6,,
2020-04-26T23:48:45.554Z,5.6464,126.8892,69.09,5.1,,
2020-04-26T22:52:11.323Z,-44.9326,167.5358,80.02,5.1,,
2020-04-26T22:28:10.386Z,-9.878,-75.1318,119.2,4.6,,
2020-04-26T15:50:00.942Z,-4.222,151.4017,10,4.5,,
2020-04-26T14:02:13.797Z,42.1306,144.9447,10,5,,
2020-04-26T13:43:57.853Z,-3.9656,151.3796,10,5.3,,
2020-04-26T09:09:32.757Z,-6.6754,147.9072,41.59,4.6,,
2020-04-26T07:52:53.354Z,-18.7427,-177.9146,616.46,4.6,,
2020-04-26T04:54:21.240Z,-13.2877,166.3915,10,4.8,,
2020-04-26T02:17:02.333Z,-18.2101,168.3241,10,4.6,,
2020-04-26T00:49:10.522Z,36.173,140.0771,73.24,4.9,,
2020-04-25T23:50:18.986Z,-37.3786,78.3788,10,4.5,,
2020-04-25T23:36:23.017Z,-34.4343,-178.9346,10,4.5,,
2020-04-25T22:27:58.017Z,6.5669,-82.3498,10,4.6,,
2020-04-25T21:47:50.006Z,-6.407,154.298,10,4.7,,
2020-04-25T21:05:08.033Z,-6.4187,154.505,10,4.6,,
2020-04-25T17:32:47.125Z,-5.9129,154.7648,164.21,4.5,,
2020-04-25T15:30:55.722Z,5.0245,-72.7449,60.56,4.7,,
2020-04-25T12:50:26.821Z,-15.4026,-173.221,10,4.5,,
2020-04-25T05:53:56.439Z,-27.8587,-71.4605,13.49,4.9,,
2020-04-25T03:52:13.967Z,-20.3781,39.815,10,4.5,,
2020-04-25T03:46:57.220Z,1.7796,66.8848,10,4.6,,
2020-04-25T03:01:01.486Z,-18.6492,-175.4332,226.64,5,,
2020-04-25T02:55:19.073Z,-6.5695,154.4903,10,5.4,,
2020-04-25T02:53:05.839Z,-6.5105,154.3008,16.85,6.3,,
2020-04-25T01:41:22.117Z,-17.9856,-177.8915,623.62,4.5,,
2020-04-25T00:40:36.765Z,-6.4231,129.3019,203.96,4.5,,
2020-04-24T22:32:50.431Z,37.5452,68.7379,10,4.8,,
2020-04-24T22:04:16.273Z,45.9075,27.4877,10,4.9,,
2020-04-24T18:44:24.065Z,-24.7471,179.9971,499.6,5,,
2020-04-24T15:01:28.694Z,37.6006,68.828,10,4.5,,
2020-04-24T13:16:03.994Z,35.9139,27.9487,57.73,4.9,,
2020-04-24T09:20:50.752Z,-6.3468,151.9074,10,4.5,,
2020-04-24T05:41:56.860Z,-19.7742,-126.5669,10,5.4,,
2020-04-24T05:15:24.964Z,23.9987,95.7849,41.08,4.5,,
2020-04-24T03:34:25.545Z,37.7723,68.5616,10,4.6,,
2020-04-24T00:30:35.727Z,13.8678,-93.098,13.18,5.4,,
2020-04-23T21:55:35.578Z,-14.8029,167.2934,83.71,4.8,,
2020-04-23T21:19:48.354Z,28.3152,129.5634,35,4.5,,
2020-04-23T20:04:12.198Z,-23.2567,-179.5159,531.42,4.6,,
2020-04-23T19:52:26.471Z,41.509,141.9289,53.34,5.2,,
2020-04-23T19:48:48.644Z,12.5516,-86.9854,144.25,4.6,,
2020-04-23T18:12:24.358Z,-56.2605,-141.7572,10,4.7,,
2020-04-23T17:59:14.679Z,-10.5516,165.9815,123.65,4.6,,
2020-04-23T15:32:17.710Z,46.5607,153.2307,14.63,4.9,,
2020-04-23T12:38:03.502Z,-22.0044,169.9935,10,4.6,,
2020-04-23T12:31:48.384Z,18.5819,145.7313,195.26,4.7,,
2020-04-23T09:04:42.368Z,28.5287,104.8824,10,4.9,,
2020-04-23T04:57:55.683Z,36.2232,137.6534,10,4.6,,
2020-04-23T04:44:23.106Z,36.1663,137.7785,10,5.2,,
2020-04-23T03:04:56.395Z,-15.8282,167.015,35,4.5,,
2020-04-22T23:19:33.527Z,-19.16,-173.4244,10,5,,
2020-04-22T22:31:25.770Z,-22.0834,-175.4957,39.6,5.5,,
2020-04-22T20:22:46.505Z,13.7263,51.6392,10,5.1,,
2020-04-22T19:53:45.791Z,52.2911,160.1669,40.66,4.6,,
2020-04-22T17:21:11.835Z,26.1401,128.6906,19.69,4.8,,
2020-04-22T13:00:29.043Z,-21.143,169.6037,82.54,5,,
2020-04-22T06:51:01.891Z,46.5429,153.4294,10,5.3,,
2020-04-22T04:37:35.219Z,52.6443,-34.5182,10,4.6,,
2020-04-22T03:56:11.461Z,-52.5847,27.6173,10,4.7,,
2020-04-22T03:19:57.302Z,13.8098,121.096,10,4.5,,
2020-04-21T23:24:37.768Z,39.3607,71.5363,10,4.7,,
2020-04-21T21:43:05.819Z,10.3837,125.2061,10,4.7,,
2020-04-21T18:43:47.046Z,-27.2824,-176.889,34.92,4.8,,
2020-04-21T16:44:36.643Z,-3.0464,136.2787,40.6,4.6,,
2020-04-21T15:21:16.176Z,-21.98,-179.4242,588.23,4.6,,
2020-04-21T13:41:50.273Z,-9.882,155.1836,10,4.6,,
2020-04-21T13:14:06.182Z,-6.2721,151.7691,10,4.9,,
2020-04-21T10:51:37.253Z,1.2335,126.3705,42.03,4.6,,
2020-04-21T10:30:11.026Z,-6.2888,151.8863,10,4.5,,
2020-04-21T10:08:00.036Z,-6.2761,151.7813,10,4.8,,
2020-04-21T09:22:05.807Z,-6.3178,151.6895,10,4.8,,
2020-04-21T04:52:45.862Z,7.2657,-80.8863,10,4.8,,
2020-04-21T04:11:49.371Z,-23.421,-179.5885,530.73,4.9,,
2020-04-21T01:04:15.939Z,-27.5057,-175.7704,10,4.5,,
2020-04-21T00:09:10.636Z,9.3687,92.9668,48.51,4.8,,
2020-04-20T23:47:34.819Z,-8.105,-74.4963,159.93,4.7,,
2020-04-20T23:16:20.514Z,52.8355,-169.5242,29.7,4.6,,
2020-04-20T20:13:02.168Z,-35.7227,-105.5744,10,4.5,,
2020-04-20T19:59:22.015Z,-8.526,159.2233,88.23,5.2,,
2020-04-20T18:38:41.812Z,-3.855,150.1293,7.59,4.7,,
2020-04-20T18:37:47.914Z,-28.9645,-68.3614,98.86,4.5,,
2020-04-20T18:37:15.268Z,-15.4809,-173.7045,71.77,4.6,,
2020-04-20T18:13:32.752Z,-6.481,143.4235,10,4.6,,
2020-04-20T11:51:25.397Z,28.2262,142.896,10,4.5,,
2020-04-20T11:38:52.810Z,31.1978,130.389,158.91,4.7,,
2020-04-20T08:16:14.991Z,38.7023,70.3378,10,4.5,,
2020-04-20T08:11:34.035Z,26.7483,126.6762,106.92,4.6,,
2020-04-20T03:54:49.607Z,64.5806,-17.6704,10,5.1,,
2020-04-20T03:25:08.585Z,49.5667,155.3668,69.77,4.6,,
2020-04-20T00:34:34.770Z,-15.3243,167.5669,109.08,5.2,,
2020-04-19T20:39:05.984Z,38.9119,141.9318,38,6.3,,
2020-04-19T20:30:47.314Z,6.7689,124.9686,10,4.7,,
2020-04-19T19:16:22.246Z,-8.906,-109.2263,10,4.6,,
2020-04-19T16:51:20.933Z,-18.3026,169.4012,10,4.7,,
2020-04-19T16:46:56.870Z,-56.2751,-142.7644,10,5,,
2020-04-19T13:09:31.429Z,4.0145,126.1648,18.7,5.1,,
2020-04-19T12:00:43.856Z,-56.2723,-27.5656,107.29,4.9,,
2020-04-19T03:45:02.849Z,-30.3533,-177.4582,10,4.8,,
2020-04-19T03:40:49.856Z,-19.6599,-172.3316,10,4.7,,
2020-04-19T03:22:40.593Z,-23.6576,69.4596,10,4.6,,
2020-04-19T01:57:18.211Z,-3.922,151.6688,10,4.7,,
2020-04-19T01:12:59.350Z,-18.4397,-174.473,87.4,4.7,,
2020-04-18T22:55:47.636Z,-30.4118,-177.5334,10,4.6,,
2020-04-18T22:34:13.528Z,14.3484,144.3112,10,4.6,,
2020-04-18T22:22:49.670Z,-30.2096,-177.571,10,4.7,,
2020-04-18T22:22:00.401Z,-30.3895,-177.6621,10,4.8,,
2020-04-18T22:19:04.562Z,-30.3648,-177.6128,10,4.9,,
2020-04-18T21:09:06.608Z,-30.4246,-177.6575,26.06,5,,
2020-04-18T20:53:32.367Z,-23.7334,69.2141,10,4.5,,
2020-04-18T18:05:30.525Z,-23.7135,69.5137,10,4.8,,
2020-04-18T17:45:38.693Z,0.3359,125.4882,70.58,5,,
2020-04-18T09:24:17.792Z,27.187,140.0669,467.68,5.7,,
2020-04-18T08:27:50.753Z,-27.7021,-67.8309,128.02,4.6,,
2020-04-18T08:25:37.081Z,27.1271,140.1312,453,6.6,,
2020-04-18T07:34:43.668Z,-23.6944,69.5278,10,4.8,,
2020-04-18T04:36:36.395Z,-18.3703,169.3933,10,4.6,,
2020-04-18T03:51:02.631Z,-19.539,-172.4895,10,4.6,,
2020-04-18T03:31:55.280Z,-19.4561,-172.4016,10,4.7,,
2020-04-18T02:08:09.511Z,-1.0311,-22.1844,10,4.9,,
2020-04-17T23:33:51.050Z,18.6644,145.9126,149.64,4.6,,
2020-04-17T16:30:48.429Z,-23.7683,69.4332,10,5.7,,
2020-04-17T16:05:40.617Z,-6.1888,151.7427,10,4.5,,
2020-04-17T14:56:54.495Z,65.8939,-37.684,10,4.5,,
2020-04-17T14:06:51.104Z,10.5514,142.823,26.22,4.6,,
2020-04-17T12:28:52.203Z,52.7086,-34.5226,10,4.5,,
2020-04-17T12:05:07.388Z,52.7638,-34.6781,10,5,,
2020-04-17T11:41:24.888Z,-6.4562,152.2342,10,4.5,,
2020-04-17T06:26:57.935Z,-6.1508,151.6132,24.84,4.7,,
2020-04-17T05:06:32.768Z,51.9067,179.7115,144.63,4.7,,
2020-04-17T02:39:01.059Z,46.2352,150.6151,64.01,4.6,,
2020-04-17T01:57:45.769Z,2.4117,128.3354,64.34,4.5,,
2020-04-17T00:30:06.208Z,36.3494,70.6608,159.32,4.7,,
2020-04-17T00:22:45.357Z,55.9717,-153.3077,7.3,5.4,,
2020-04-16T23:22:46.682Z,-23.8824,-179.8269,513.96,4.6,,
2020-04-16T21:23:51.110Z,26.0784,128.476,10,5,,
2020-04-16T21:22:29.768Z,26.005,128.5694,10,5.3,,
2020-04-16T21:03:26.306Z,52.7753,-34.4454,10,4.5,,
2020-04-16T19:55:59.769Z,52.6537,-34.7727,10,4.5,,
2020-04-16T19:23:22.342Z,-23.0343,-175.0553,10,4.6,,
2020-04-16T17:38:23.102Z,-10.3663,161.2485,46.01,5,,
2020-04-16T15:13:06.050Z,-37.9702,-73.8016,13.7,5.1,,
2020-04-16T12:58:12.731Z,-60.3154,-26.1886,35,4.7,,
2020-04-16T11:45:23.956Z,22.7822,94.0248,10,5.9,,
2020-04-16T09:42:53.968Z,44.7304,9.4252,10,4.5,,
2020-04-16T08:21:55.273Z,-16.2932,178.36,10,5.2,,
2020-04-16T08:15:23.292Z,-60.3107,-27.3045,10,5,,
2020-04-16T08:04:37.597Z,16.9332,-85.7099,10,6,,
2020-04-16T05:29:19.225Z,-13.1501,167.0078,196.18,4.9,,
2020-04-16T05:12:39.718Z,-58.0248,-25.6938,60.14,5.4,,
2020-04-16T04:45:05.426Z,-30.8424,-71.619,35,4.6,,
2020-04-16T02:18:01.618Z,37.0392,141.2857,35,4.6,,
2020-04-16T02:08:30.419Z,6.975,127.2412,10,4.5,,
2020-04-16T01:33:42.693Z,-60.2502,-47.483,10,4.6,,
2020-04-15T23:37:44.171Z,-8.3013,116.9375,10,4.7,,
2020-04-15T22:42:16.767Z,-5.3591,152.7397,17.15,5.2,,
2020-04-15T22:32:12.558Z,-17.8777,66.2345,10,4.6,,
2020-04-15T22:29:49.360Z,40.7745,83.3508,10,4.5,,
2020-04-15T21:46:44.772Z,-6.2464,151.663,10,4.9,,
2020-04-15T21:15:55.040Z,-59.784,-26.4086,82.13,4.9,,
2020-04-15T21:13:21.939Z,-6.2318,151.7804,8.83,4.7,,
2020-04-15T21:10:52.477Z,-9.433,-80.0244,10,4.5,,
2020-04-15T21:03:37.736Z,1.1164,126.6756,37.56,5.7,,
2020-04-15T18:43:39.587Z,52.1675,160.621,10,5,,
2020-04-15T17:45:42.791Z,-19.2936,-172.7835,10,4.9,,
2020-04-15T15:05:52.318Z,-0.2856,-18.6492,10,4.6,,
2020-04-15T13:40:48.935Z,-8.3761,38.6226,10,4.7,,
2020-04-15T13:30:33.554Z,10.7234,-86.2023,16.07,5,,
2020-04-15T10:59:29.077Z,9.0488,-74.4322,53,5.7,,
2020-04-15T10:11:36.934Z,-40.9821,-84.3502,10,4.6,,
2020-04-15T09:44:42.770Z,15.189,-94.1751,35,5,,
2020-04-15T09:18:51.478Z,-19.6743,-70.43,66.52,4.6,,
2020-04-15T07:40:06.069Z,35.8884,35.5123,10,4.7,,
2020-04-15T07:28:04.505Z,26.2657,128.899,10,4.7,,
2020-04-15T07:19:04.313Z,26.2403,128.929,10,5,,
2020-04-15T07:11:05.502Z,-19.8995,148.7159,10,4.9,,
2020-04-15T07:05:08.218Z,-15.2676,-173.3912,57.15,4.9,,
2020-04-15T02:01:05.849Z,19.99,122.0718,10,5.1,,
2020-04-15T01:15:34.990Z,-26.8933,-63.4241,564.85,5.2,,
2020-04-15T01:07:56.375Z,11.3947,125.1117,121.11,4.9,,
2020-04-15T00:19:02.090Z,-20.209,-69.2083,95.68,4.8,,
2020-04-14T19:36:18.843Z,3.5946,96.0132,60.42,4.8,,
2020-04-14T19:20:33.213Z,2.6939,128.2592,55.49,4.9,,
2020-04-14T18:54:41.984Z,-44.4379,-79.7001,10,4.9,,
2020-04-14T18:17:36.875Z,-30.887,-178.5196,99.96,4.8,,
2020-04-14T16:02:10.308Z,-33.8945,-70.4685,107.89,5,,
2020-04-14T15:10:18.568Z,-3.2442,128.8654,10,4.5,,
2020-04-14T15:04:47.821Z,-30.7929,-177.8424,10,4.8,,
2020-04-14T14:29:07.817Z,-60.6564,-26.561,10,4.6,,
2020-04-14T12:04:33.773Z,-25.7637,-69.5315,33.35,4.9,,
2020-04-14T07:28:00.830Z,-15.153,-176.4993,40.73,4.9,,
2020-04-14T06:31:50.590Z,7.158,143.2603,14.47,5,,
2020-04-14T04:10:18.259Z,40.0326,84.5004,10,4.5,,
2020-04-14T02:46:24.656Z,45.2988,150.0233,35,5,,
2020-04-14T02:37:09.750Z,-6.3654,152.0399,10,4.5,,
2020-04-14T01:27:03.362Z,-17.9895,169.024,224.66,4.8,,
2020-04-14T01:06:47.913Z,-30.3889,-176.3478,31,6,,
2020-04-14T01:02:11.217Z,-33.0649,-178.2799,10,4.5,,
2020-04-13T20:44:19.546Z,4.0085,-76.2402,156.54,4.6,,
2020-04-13T18:45:31.586Z,-29.255,-68.0004,106.99,4.9,,
2020-04-13T14:59:35.531Z,0.2905,126.8276,38.49,5,,
2020-04-13T13:18:27.874Z,-14.2634,-73.2125,69.79,5.2,,
2020-04-13T12:05:54.211Z,-2.9424,126.8429,10,4.5,,
2020-04-13T06:44:27.177Z,3.7378,125.3828,44.83,5,,
2020-04-13T01:42:51.814Z,48.2328,154.3318,46.85,5,,
2020-04-12T17:45:20.304Z,-33.0285,89.1037,10,4.5,,
2020-04-12T15:49:40.900Z,-60.9669,-23.947,10,4.8,,
2020-04-12T13:28:31.005Z,-19.2494,-172.661,10,4.7,,
2020-04-12T13:11:51.635Z,41.735,141.9682,46.3,4.6,,
2020-04-12T12:47:45.711Z,-4.229,152.0275,10,4.8,,
2020-04-12T12:31:13.698Z,7.3954,-77.1263,47.51,4.8,,
2020-04-12T12:25:10.152Z,-4.211,151.9344,10,5.1,,
2020-04-12T11:36:40.880Z,24.0188,122.2244,38.27,4.6,,
2020-04-12T11:33:18.170Z,-5.3645,152.5643,19.75,5,,
2020-04-12T11:22:34.577Z,17.8508,145.7301,186.6,4.6,,
2020-04-12T06:57:47.719Z,-36.9637,77.4459,10,6.1,,
2020-04-12T06:50:10.657Z,-19.7498,-172.7118,10,4.5,,
2020-04-12T03:27:54.632Z,-6.6694,130.4918,86.84,4.5,,
2020-04-12T02:41:46.006Z,6.7502,-72.9651,163.67,4.6,,
2020-04-12T02:23:13.223Z,38.4642,44.3085,10,4.6,,
2020-04-12T01:26:16.298Z,-5.4227,146.8352,35,4.5,,
2020-04-12T00:46:19.693Z,-40.1581,78.3041,10,5.4,,
2020-04-12T00:07:48.173Z,-40.3296,78.3668,10,5.3,,
2020-04-11T22:33:45.704Z,-24.2993,-176.5348,50.14,5,,
2020-04-11T21:24:31.237Z,-19.3189,-172.7632,10,4.5,,
2020-04-11T20:33:06.638Z,-19.3561,-172.7827,13.85,4.6,,
2020-04-11T20:26:33.851Z,28.1012,142.6458,18.18,4.7,,
2020-04-11T20:23:46.754Z,2.3949,127.2288,92.19,4.9,,
2020-04-11T19:59:32.949Z,-19.5226,-172.7821,10,4.8,,
2020-04-11T18:22:42.026Z,-19.3965,-173.1764,31.04,5.2,,
2020-04-11T16:22:50.940Z,38.0421667,-118.758,8.94,4.57,,
2020-04-11T15:44:47.876Z,36.214,140.0096,58.13,4.8,,
